id,name,brand,category,serving_size,serving_unit,servings_per_container
008f9a15-e961-4802-92fe-fbd7479442b6,Casein Complex,Scitec Nutrition,casein,40,scoop,23
020e20c2-bfd5-4fba-9c5e-59543e94c23b,Prepare,TrainedByJP,pre-workout,9.5,g,30
0379e5a9-bdae-4b68-aee2-787a3314fd08,Carb Killa (Chocolate Chip Salted Caramel),Grenade,protein-bar,60,bar,12
04cd9fc1-86e5-4ceb-a5ef-7229f15ee4dc,Magnesium Bisglycinate,Bulk,magnesium,4,capsule,60
06ca0109-8e25-481b-b67a-0965d8d737a5,Synergiz (Maximum Organ Support),Alpha Neon,cycle-support,4,capsule,30
072adf9d-2393-4f98-b433-5939929c7c9f,Creatine Monohydrate,Supplement Needs,creatine,5,g,100
0732332e-d2a7-43b4-9257-056305b61c7c,Apple Cider Vinegar+,Nutrition Geeks,gut-digestion,3,capsules,30
07e3e331-aaa4-4703-927a-f36d5cec38b1,Thavage,Raw Nutrition (CBUM),pre-workout,13,g,40
08cea092-e58a-46fb-80d4-343e7ae50170,Creapure Creatine,PhD Nutrition,creatine,5,g,110
0978e532-a53c-4f80-9ac1-d7872049462a,Every Day MAX,Optibac,gut-digestion,1,capsule,30
0a327a09-db76-483e-88ca-b55aacf3d53f,Protein Flapjack (Cocoa Oat),Trek,protein-bar,50,bar,1
0aa95107-59ac-4c3c-bec9-afc1b10efcb8,Quest Bar (Chocolate Chip Cookie Dough),Quest Nutrition,protein-bar,60,bar,1
0b2a6a88-ceaf-4c02-ad40-715d06691118,Creatine Monohydrate,Warrior,creatine,5,g,100
0cb62204-f9ed-489b-bb26-48220f101359,After Dark Protein,Bio-Synergy,casein,30,scoop,20
1245c55c-7cb2-49ba-9a78-591ec762c785,Extreme Recovery Blend,MyProtein,post-workout,100,scoop,25
13f50539-fa84-41d7-855f-746640b61ddf,Vitamin C 1000mg,Bulk,vitamin-c,1,tablet,90
15db1405-3468-4a8d-b391-d256a0c13d99,Gold Standard 100% Whey,Optimum Nutrition,whey,30.4,g,74
163558b4-1ec5-4546-835d-435f42a88dc8,Trust Crunch (Chocolate Peanut),USN,protein-bar,null,bar,null
17218104-2c4d-4c5b-864d-846427626503,Vitamin & Protein Bar (Dark Choc Salted Caramel),Fulfil Nutrition,protein-bar,55,bar,1
1856438d-d5cd-4151-97d5-f5cc379eab80,Omega-3 Fish Oil,Bulk,omega-3,2,softgel,90
1932109d-814f-421d-ad6a-7a1b247a33f3,REGO Rapid Recovery,Science in Sport (SiS),post-workout,50,scoop,10
1972920c-69ef-401d-96a5-f4cf358d529b,100% Casein Protein,Applied Nutrition,casein,30,scoop,60
1adf3959-7166-4232-b2a9-2e1a7dba2f87,Vitamin D3,Supplement Needs,vitamin,1,tablet,120
1b11e65b-cdff-4d12-835a-4c9c5ab9bac8,Creatine Monohydrate,Darkstims,creatine,5,g,100
1b8f93b6-d131-4cdc-91f8-2bb7e2a4223d,NAC N-Acetyl Cysteine,Bulk,liver-health,1,capsule,90
1bf26de0-bf01-4309-bcd6-897d5a269136,Hydro,HR Labs,hydration,18,serving,40
1c010ee3-88f8-4fae-964d-77df836ddc7e,Intra EAA+,Supplement Needs,eaas,27,scoop,30
1c8e0e2d-2fdd-481c-b64f-b298575d69a1,Ultra Pre Workout,Darkstims,pre-workout,null,scoop,2
1cfa7540-1982-4a71-9717-0049c8ccaff0,Magnesium Glycinate 3-in-1,Nutrition Geeks,vitamin,2,capsule,45
1e297da8-80ab-4aff-b196-1d3be6cd845e,Prime Male,Roar Ambition,hormone-support,4,capsule,30
1f124bce-9367-4c83-93ee-477d4805515a,Platinum Hydrowhey,Optimum Nutrition,whey-isolate,40,scoop,40
1fab2546-6a25-4fd9-8e49-abf6bb6b362c,Crunch Bar (White Chocolate Crisp),Warrior,protein-bar,64,g,12
1fb58e7f-9504-4a36-863e-0e4071e0d2e3,Ashwagandha Calm+,Nutrition Geeks,vitamin,1,capsule,60
1fcf7e6e-24d4-4d98-964b-d6f91c3f54a0,Protein Crispy Bar,Optimum Nutrition,protein-bar,null,bar,null
228c4ec5-6038-48fb-9329-c9dbbb53a3f9,Pro Night,CNP,casein,30,scoop,30
228c6fa7-7775-4e0f-bffa-c229a9503c1b,Complete Multivitamin Complex,Bulk,multivitamin,1,tablet,60
2382ce8e-d806-46fd-8f08-13437192935b,Go Hydro,Science In Sport (SiS),hydration,4.2,serving,20
23ceaea7-3908-423f-b772-8fa750d3704d,Organ Pro / Organ Fix,CNP Professional,cycle-support,null,serving,null
24250aa6-3786-4a36-8dfa-384cba90ed01,Pro Recover,CNP Professional,post-workout,80,scoop,16
2429dd22-45c3-4088-acf3-4148782bcb00,Pure Whey Isolate,Bulk,whey-isolate,30,scoop,33
251391d2-0064-4c7e-8c51-05dc2bd41559,Ultra Whey,Sci-MX,whey,45,scoop,44
2567a955-be92-4f70-b147-f908fa80650c,EssentialMax,Strom Sports Nutrition,eaas,13,scoop,30
259e8f60-1171-4f57-9483-2713b7980792,Vitamin D3 4000iu + K2,Nutrition Geeks,vitamin,1,tablet,365
29022b90-a6b3-493a-8afd-a5a14eb17251,Essential Amino,Conteh Sports,intra-workout,15.5,g,30
290eb8dc-d5a7-4b25-a029-a145bfcc12f3,Life Pac / Life Support,Naughty Boy,cycle-support,1,pack,30
29f1d6fb-5e8f-4c9e-b9a9-9c2a5af1c58b,Alpha Shield,Alpha Club,cycle-support,null,serving,null
2acd08ed-de53-48a5-8eee-35a8e9fb585a,Omni-MX Hardcore,Sci-MX,post-workout,145,scoop,30
2b3e6bc9-bac1-4ac5-9e97-dc657c9c86c4,Ashwagandha,SuperDosed,hormone-support,1,capsule,30
2b640b72-29de-4998-9aa7-3adaadeca813,Protein Cookie,Bulk,protein-bar,75,g,12
2c3efc39-8ce7-4905-966c-bdaaa927cd06,Complete Daily Multivitamin,MyProtein,multivitamin,1,tablet,90
2c665fd3-91de-45de-8a0d-96b8a0cd06b7,100% Premium Micellar Casein,USN,casein,30,scoop,30
3099922b-46a2-4767-87ee-3359e47729b5,Micronised Creatine Powder,Optimum Nutrition,creatine,3.4,g,93
31d19045-0da2-4430-83a8-471f1d45507c,Magnesium Bisglycinate,Supplement Needs,vitamin,2,capsule,60
33e5af20-6716-4951-bbb4-944fb9ae3d68,Ghost Amino,Ghost Lifestyle,eaas,10,scoop,40
3457e148-ef53-4197-b48b-33b5d961078b,Meal Replacement Drink (Chocolate),Saturo,meal-replacement,400,bottle,1
36c26496-67e9-40d2-9691-4ec2f1e7d234,Creapure,Bulk,creatine,null,g,null
37f1e686-fc87-4b1e-bf42-6a045d7fdb0f,GEAAR,Mutant,eaas,13.3,scoop,30
3ad6dc9b-9bc4-458c-967f-29a9a7b45964,Whey Better®,Bio-Synergy,whey-isolate,30,scoop,25
3bf42ac2-9c75-4c40-a73c-545120775eb9,Pre-Workout Advanced 500g,Bulk,pre-workout,17,g,29
3c5fcc24-4c21-4b6a-99fd-c71ca3b6680b,Micellar Casein,Mutant,casein,35,scoop,51
3e09c727-46cc-4a89-b554-8cfb4726141e,Protein Powder,Grenade,whey,40,scoop,50
411a19b8-1935-4c63-b957-07296fbdf447,Warrior Protein Night,Warrior,casein,30,scoop,66
41741b45-1afc-41d2-88aa-fe7a38717a32,Vegan Protein Bar,Bulk,protein-bar,60,g,12
4183135d-b8ea-422f-a87f-3160a9351155,JP Intra,TrainedByJP,intra-workout,30,scoop,30
41c29b06-c6e4-45c3-94f2-8a46ea9935d2,Endurance Recovery,Applied Nutrition,post-workout,54,scoop,30
444c84df-121b-4ca2-923b-12abfb876ba7,CNP Isolate,CNP Professional,whey-isolate,30,scoop,60
4471b8ef-e29e-4f6c-9471-b7c01deac5d6,Intra,Efectiv Nutrition,intra-workout,25,scoop,30
451466e0-1474-41ff-a896-8d230adbf3a4,Critical Whey,Applied Nutrition,whey,33,g,66
4771fef4-7278-488c-b897-95fc65862a94,Micellar Casein,Reflex Nutrition,casein,33,scoop,27
47913a31-e77e-4010-8eb9-048e04e97aaa,Hydration+,Supplement Needs,hydration,15,serving,30
47cb0fbb-3a6f-485f-815e-8fd204d5411a,Muscle Fuel Anabolic,USN,post-workout,150,scoop,26
47dc8c3e-814e-47c1-b463-991058f24a5e,Ashwagandha Organic Vegan KSM-66,Supplement Needs,vitamin,1,capsule,60
4b12a70e-fcd6-4031-aed7-d4d3f24d1712,Aftermath,Bulk,post-workout,70,scoop,35
4ea5c8df-7506-42e0-8e77-92775940ae78,Pharma Whey,PhD Nutrition,whey,30,scoop,75
507a6a90-b1e6-4e14-a52a-9694d066ca57,Milk Thistle Extract 5000mg,Bulk,liver-health,1,tablet,90
51015a3b-46ce-4e94-8b92-1e5d75dec507,High Protein Bar,Bulk,protein-bar,55,g,12
51111a7f-f338-4e4d-819e-edce85a3b0a1,Ready-to-drink (Vanilla),Huel,meal-replacement,500,bottle,1
5113a46d-7acf-4dbb-85a2-75747467a922,Recovery Protein,The Protein Works,post-workout,70,scoop,28
5452c5e8-61a9-410a-810f-ef25f8660a41,Gold Standard 100% Casein,Optimum Nutrition,casein,33,scoop,27
5563d361-4c1f-4ec4-a041-dcc847e12f4f,EAA Powder,Warrior,eaas,12,g,30
56128fcc-d33f-4d12-9914-fd3191e6a8ff,"Turmeric, Ginger & Black Pepper",Nutrition Geeks,gut-digestion,2,tablets,60
57c7f80d-45f9-4476-892d-f9be565f31c2,Defib V3,HR Labs,pre-workout,10.5,g,40
57d51861-97dd-4496-b7b9-e55da5c1579b,Alpha Balance,Alpha Club,hormone-support,2,capsules,45
57f5ba6e-6453-4276-a083-3823774ec779,VelosiWHEY Isolate,Strom Sports Nutrition,whey-isolate,30,scoop,33
588ea7df-6140-4f46-9a08-3cdd7ffc1536,Lite Ready-to-drink (Chocolate),Huel,meal-replacement,500,bottle,1
5ab54f66-8e43-4589-bd22-ff6c2023a137,C4 Original,Cellucor,pre-workout,6.5,g,30
5d9cf5d7-728b-4809-814e-ac7e5fbc4aba,Glucosamine & Chondroitin,Bulk,joint-health,3,tablet,90
5e13c87a-1d35-4dd5-a141-43a281bef5e5,Hydration Multiplier,Liquid IV,hydration,16,serving,15
5effd9b6-7fc1-4d33-b314-2c6d29e1a18f,Serious Mass,Optimum Nutrition,post-workout,335,scoop,16
60cbe489-96a8-416e-a11b-243e3277caf3,EssentialMAX,Strom Sports Nutrition,intra-workout,15,scoop,30
6274433d-cb91-4337-8e21-beb3c1ad97d4,JP EAA,TrainedByJP,eaas,10,scoop,30
65b9443c-9a83-4f52-bdff-9480ac12c52c,Crack OG,Dark Labs,pre-workout,null,scoop,40
6626b36e-82c0-47d9-8d5c-a40b47ea41f1,Impact Whey Isolate,MyProtein,whey-isolate,30,scoop,100
6774996b-6f6f-4e67-bd31-b93213cea022,Cycle Support,Combat Fuel,cycle-support,4,capsule,30
6796ca45-f01a-4573-a1cb-4e16e4dc2fa9,ZMA Zinc Magnesium,Bulk,zma,3,capsule,90
68546f63-f123-4e1f-8f46-46802b77de52,Tongkat Ali,SuperDosed,hormone-support,1,capsule,30
69978587-1083-4918-9317-18154e60e7f1,Pure Whey Protein,Bulk,whey,32,g,33
6a8ebcdd-1505-4c9a-9adf-3682359bea61,Amino Fuel EAA,Applied Nutrition,eaas,13,scoop,30
6aa54c84-8f33-4566-aa28-0fdcd5f7c96f,Per4m EAA,Per4m,eaas,13,scoop,30
6ad62332-baa2-4c39-9930-16147ccf593a,Impact Whey Protein,MyProtein,whey,25,scoop,40
6b79b914-ae67-492f-aaef-ee607fde0074,Crispy Layered Bar (White Chocolate Peanut),Myprotein,protein-bar,58,bar,1
6d78db1d-1b56-4e4c-8cd0-c7ecdf696ead,Electrolyte Powder,Bulk,hydration,10,serving,50
6f3b5591-fc9f-45a3-b731-b9f9c2046e1a,Sleep Stack,Supplement Needs,vitamin,2,capsule,60
706e3947-460b-4253-9810-c88919dd5ecd,Vitamin D 4000iu Max Strength,Nutrition Geeks,vitamin,1,tablet,365
7245fcd5-e0f6-40bc-963d-bfa39c136044,Intra Workout,CNP Professional,intra-workout,20,scoop,30
729856c9-4477-4d37-8dda-386071633bd1,JP Creatine,TBJP,creatine,5,g,60
7388ad3f-8336-4813-b2dc-89d3fb0f0370,Clear Whey Isolate,MyProtein,whey-isolate,25,scoop,20
738af0c5-bdfd-46be-890e-bd2d6e7cb21b,Platinum Pre-Workout,Optimum Nutrition,pre-workout,21,g,20
7460dea0-de2d-4682-90e2-b5c05e80d704,Ghost Hydration,Ghost Lifestyle,hydration,8,serving,40
74fd9941-fca1-4015-b6a6-782064b6ccbb,Blood & Guts 380g,DY Nutrition,pre-workout,19,g,20
75933d3d-dca2-4f97-a1db-5c044fe8c897,Ghost Legend,Ghost Lifestyle,pre-workout,22,g,30
767210a6-f16f-48f1-bc45-dc7bc41dc302,BlueLab 100% Whey,USN,whey,34,scoop,26
76a1cbdd-a296-4c79-95ef-475c9b56cc88,Vital Support,TrainedByJP,cycle-support,8,capsule,30
77049b12-f9d1-4e22-b8a7-21b8bb906e93,DEFENDER EAA,Warrior,eaas,13.3,scoop,30
77daff05-5644-40a0-882e-4b197790bf50,Hunter Test,Hunter Evolve,hormone-support,6,capsule,30
7a9d584f-42ca-482f-9ef3-899427702285,Sport,Nuun,hydration,5,serving,10
7aaebbcb-ac24-4b5f-9156-8f83cfc322b1,Black Edition Ready-to-drink (Chocolate),Huel,meal-replacement,500,bottle,1
7bd67e4c-a497-4a9f-b661-8aaf1cfddd78,ISO 100 Hydrolyzed,Dymatize,whey-isolate,32,scoop,29
7c8cda9e-0429-43f8-b60e-a258c408a5ec,StimuMAX PRO,Strom Sports Nutrition,pre-workout,12,g,30
7cb28341-5b19-4a0b-b49c-e77bb27182c4,Advanced Whey,Per4m,whey,30,scoop,30
7d1a4561-ef23-488e-aa33-f1b0e6f78a51,Organ Shield,Chemical Warfare,cycle-support,3,capsule,30
7da1faee-bd26-4b52-a718-3bbf5f3ab03b,Smart Bar (Cookies & Cream),PhD Nutrition,protein-bar,64,bar,1
7da65034-eccf-451d-bc81-a66dcf9e5ec7,Zero,High5,hydration,4,serving,20
7f5f3751-0e82-463b-8554-6d82cf487eba,Creatine Monohydrate,Warrior,creatine,5,g,100
7f6fe4fe-ec51-42b5-86c7-aad0d1580aac,Whey Protein 80,The Protein Works,whey,30,scoop,33
810b5c13-062e-4c50-9033-0fdda083c3b1,TUDCA + NAC,Supplement Needs,cycle-support,3,capsule,30
836e9ca3-a02a-4513-b63a-546fd25ea518,Whey Protein Concentrate,Supplement Needs,whey,30,scoop,33
83dbbce5-d74e-402c-9f69-274c2330d7c7,100% Micellar Casein,The Protein Works (TPW),casein,30,scoop,33
84a0a5f5-dd3b-485a-a88e-e201529c2b75,Bifido & Fibre,Optibac,gut-digestion,1,sachet,30
851dc8e1-85a5-48a1-876d-3c8125499e1b,Digestive Enzyme Capsules,MyProtein,gut-digestion,2,capsules,30
87467312-0a01-4f48-9022-184c8a8e705c,Platinum Creatine Plus,Optimum Nutrition,creatine,7,g,50
8900fc28-fd3f-4338-9dfe-2257631c2931,PRE V4,Darkstims,pre-workout,20,g,25
89c2d3ae-d1cb-445f-a7c8-b84bc2c5f6e5,Complete Intra-Workout,Bulk,intra-workout,15,scoop,30
8a094502-214c-4d47-8011-a812f4232d19,Vitamin D3 4000 IU Spray,BetterYou,vitamin-d,1,spray,100
8aaa999c-cefb-41b0-ae3c-8cc14513ee55,Everyday Gut (Original),Bio-Kult,gut-digestion,1,capsule,60
8b197150-797e-4590-abb3-19b6b395e174,Plenny Drink (Vanilla),Jimmy Joy,meal-replacement,330,bottle,1
8b95c03d-709f-466e-a80c-6b7a13688118,Magnesium Glycinate,SuperDosed,vitamin,null,serving,null
8ddfc493-0872-4235-ba25-5091ef172b49,Crunch Bar (White Chocolate Crisp),Warrior,protein-bar,64,bar,1
90355b09-21f1-4804-801b-38a9518142ba,Digestive Enzyme Capsules,Applied Nutrition,gut-digestion,1,capsule,60
90eebf47-deac-4569-88d2-eb57ff598c43,100% Whey Isolate,PhD Nutrition,whey-isolate,30,scoop,33
943638a7-3c67-4c92-900c-ab0bfa9d7a60,Pre-Workout,Grenade,pre-workout,16.5,g,20
95bf0295-4ce4-4648-8d88-8ec74bda9263,Alpha Lipoic Acid 300mg,Bulk,liver-health,1,capsule,90
97f6e3fe-3b27-44c4-a06a-3cbd0db41ad7,Amino,Naughty Boy,eaas,11.5,scoop,30
984b410e-6f6c-40cf-82da-93326f4c6465,ABE All Black Everything Pre-Workout,Applied Nutrition,pre-workout,12.5,g,30
99e438ca-067d-40c5-81f7-f1a26827551a,Pure Creatine Monohydrate Powder,Nutrition Geeks,creatine,3.5,g,90
99ec3375-b400-402d-b0a9-c89ad219cc7e,Clear Whey Isolate,Warrior,whey-isolate,25,scoop,20
9b3cc560-40d4-4c70-b1d4-cbbbf5edc63b,NEUPHORIC,The Formula,pre-workout,null,scoop,40
9bd730b4-56ca-4545-bb05-69ed6d48ffb9,Protein Bar (Cookies & Cream),Barebells,protein-bar,55,bar,1
9c77db07-1b5d-4afc-8f86-db826f2b7971,Iso-Pro,Trained by JP (TBJP),whey-isolate,30,scoop,66
9d3105e7-1760-4da8-ad22-f432114b3ea7,100% Whey,Reflex Nutrition,whey,30,scoop,66
a0fc6933-db03-4c34-a446-a9f89515a206,Per4m Isolate,Per4m,whey-isolate,30,scoop,30
a15a46ba-b1e9-4c6f-b84c-1ca5302a0b44,Plant Sterols,Bulk,heart-health,1,tablet,60
a26b7a7a-348a-461f-8372-a40e234f4d92,Impact EAA,MyProtein,eaas,9,scoop,27
a3483e0b-65f4-4b68-b2aa-0a81efbbb800,CNP EAA,CNP Professional,eaas,10,scoop,30
a3f45925-cabd-4a7b-bca8-837824a3f891,Pro Creatine,CNP,creatine,5,g,50
a925a399-982a-4155-89d5-aee874046618,Protein Crunch Bar (Chocolate Caramel),Applied Nutrition,protein-bar,62,bar,1
aac47241-0918-455d-bbc6-855aec480bc6,Origin Pump Pre-Workout | Stim & Caffeine-Free,MyProtein,pre-workout,25,g,30
aae3c686-cf5a-4ebb-91b4-4c8865b2e6fa,ZMAX,Strom Sports Nutrition,hormone-support,2,capsule,45
ab085248-f854-4b93-89f1-574467e8153e,Advanced Vitamin B Complex,Supplement Needs,vitamin,1,tablet,120
abffbfcd-c048-4c70-9cb9-50798fd97d9f,One Stop Xtreme,Reflex Nutrition,post-workout,145,scoop,30
adaa37c1-d577-4dd4-bed6-c1165f7fc31f,Electrolytes,Darkstims,hydration,6.5,serving,30
b752e616-1a03-4e48-8767-602ec3957cb3,Pre JYM,JYM Supplement Science,pre-workout,null,scoop,30
b9058eef-f71a-49f7-9672-a264d1a09614,Whey Protein,Warrior,whey,30,g,16
b97c46b1-5a5a-4a43-ab70-e27ab14d1e1c,Complete EAA,Bulk,eaas,15,scoop,30
b9d40664-1e1f-4488-8fec-9e053aafcccb,Essential Amino Energy,Optimum Nutrition,eaas,9,scoop,30
ba7dbeae-efd5-4edd-bde7-a75a221aa83e,Prebiotic Inulin Fibre Powder,MyProtein,gut-digestion,12,g,30
bb1576f2-90e5-4801-b8ab-33e7c9233d03,Whey Isolate,Supplement Needs,whey-isolate,30,scoop,33
be251f51-6584-43fe-b9e8-9c7c80bb0d19,Creapure Creatine,MyProtein,creatine,3.4,g,147
c0f8dde0-6555-4449-9877-3c7ccd410339,ABE (All Black Everything),Applied Nutrition,pre-workout,12.5,g,30
c2293c0e-55ad-43e0-94e7-395121b711d3,Strawberry Mango BCAA,Grenade,eaas,13,scoop,30
c3bc42b5-d5c0-404a-8805-7781ad4605fd,Multi Vitamin and Mineral PRO,Supplement Needs,vitamin,1,capsule,30
c44236d9-b790-4d5f-8f07-ec57eeee5b9c,Impact Hydration,MyProtein,hydration,6.8,serving,30
c8c43264-f973-49a6-87c6-845123603583,Creatine Monohydrate,Applied Nutrition,creatine,5,g,100
c98931d9-0468-4856-974f-332b2b12b129,Hydramax,Strom Sports Nutrition,hydration,5,serving,90
ca25a9aa-7a1c-4e48-ad97-9774001df070,Whey,CNP,whey,30,scoop,30
ca29a5ef-6376-48ce-953c-6b034050f2f3,Vitamin D3 4000IU,Bulk,vitamin-d,1,softgel,365
cc01d814-fe1a-42a8-afbd-465348aad757,Defend,HR Labs,cycle-support,null,serving,null
cd43b718-9188-4cd1-8125-897cf3437bdd,JP Hydration,TrainedByJP,hydration,5,serving,60
cd61dcae-52e3-4e85-8bac-c3abe7c68ffc,Micellar Casein,MyProtein,casein,30,scoop,33
cefa4a30-be66-4083-ac36-e55d9325e39e,Vitamin B12 Dual Power,Nutrition Geeks,vitamin,1,tablet,365
cf86f3db-2a7d-4438-b941-0dd4bc7afa25,Complete Sleep,Bulk,sleep-recovery,4,capsule,30
d09943d3-3d37-4349-b34e-6f73a288e7c0,Isolate Pro,Reflex Nutrition,whey-isolate,30,scoop,60
d13719b0-5995-45c6-b45d-eea6e3d3b63a,Night Recovery,PhD Nutrition,casein,30,scoop,30
d14398e7-ff1b-4108-b90d-a6ba3b6c30fd,Menace,Naughty Boy,pre-workout,14,g,30
d1660e89-00db-4abc-bb9f-190c81b617c4,Impact Creatine,MyProtein,creatine,3.4,g,147
d5707d0e-4bd4-4b3e-9ee9-c488a8a52b26,Gold Standard 100% Isolate,Optimum Nutrition,whey-isolate,30,scoop,30
d6daeb9d-85c6-4e5f-80ff-648e689bc0e3,Vitamin D3 and K2 (MK-7),Supplement Needs,vitamin,1,tablet,120
d95c83de-5a09-4bf4-9c78-7480c368e9bd,Synergy ISO-7,PhD Nutrition,post-workout,66,scoop,30
d9f73f59-0366-4949-99e8-2ea520b1c8d7,Macro Munch (Chocolate Hazelnut),Bulk,protein-bar,62,bar,1
da713fb3-1845-465e-9d1d-50138da0d10d,Vitamin D3 & K2,Bulk,heart-health,1,softgel,90
db2064d6-118d-4472-8a30-83db7c32c9bc,Mass,Applied Nutrition,post-workout,200,g,40
db275d92-876d-45dc-998d-eb330aa2c0ca,CoQ10 200mg,Bulk,heart-health,1,capsule,60
dbb9f5ab-76ae-423a-90c0-7455bec4e3f7,LMNT Recharge,LMNT,hydration,6,serving,30
dd1f80c9-01b1-40d4-88db-a1841f23bca1,Whey,Ghost,whey,35,scoop,26
ded4ca83-9a22-4e30-a89e-8f57598e7dfa,EAA Hydration,Applied Nutrition,intra-workout,13,scoop,30
e03485bc-8746-4cab-b590-fef82802128f,IntraMAX,Strom Sports Nutrition,intra-workout,35,scoop,30
e06203a1-15e5-40e0-8b18-0a399ae4448e,Systimax,Strom Nutrition,post-workout,60,scoop,30
e0f73722-771a-4639-b44b-4eeff97ca9f8,Essential Max,Strom Sports Nutrition,whey,30,scoop,66
e12593b1-1ed2-4943-8a1d-7d5b89d41026,EAA+,Warrior,intra-workout,12,scoop,30
e1455253-fb1b-4bbd-a3ff-8116bf97924b,Greens+,Supplement Needs,vitamin,11,g,30
e18459a8-325f-4766-b11c-ee598c6a9795,Vitamin C Powder,Supplement Needs,vitamin,5,g,60
e309e1fa-5f75-44a7-9c0c-06d485622ea8,TestoFuel,Roar Ambition,hormone-support,4,capsule,30
e340cef1-3b5e-4b14-b0ef-98c351950191,Level Up,HR Labs,intra-workout,30,scoop,30
e3fbbe3a-b4ac-4f02-a5d5-7fcb9ea31ef3,ABE Pump 500g (Caffeine-Free),Applied Nutrition,pre-workout,25,g,20
e454733a-a69b-4cb6-950c-d01739a9d3a9,PH 1000,Precision Hydration,hydration,4.5,serving,30
e4fd101e-4969-4054-92ab-f02d4cb3d494,Layered Protein Bar (Salted Caramel),Myprotein,protein-bar,60,bar,1
e559487b-2259-4178-93cf-c446bb944382,Probiotics for Every Day,Optibac,gut-digestion,1,capsule,30
e70ad247-7a3e-4871-932e-8509b36a211b,Creatine Plus®,Bio-Synergy,creatine,null,g,null
e83cc529-6195-4127-a106-d2b9f1c2edea,Gold Standard Gainer,Optimum Nutrition,post-workout,203,scoop,16
e94b13c4-f7fa-42d2-94b2-8dfcda316311,Whey Protein,Warrior,whey,25,scoop,40
e9ef9227-8a0c-4909-b2e0-3ac548aa94af,Origin Pre-Workout,MyProtein,pre-workout,20,g,30
ea967693-15ec-474f-b4e8-68666c2f5919,Amino Black,Naughty Boy,intra-workout,14,scoop,30
eaf361dd-3aa2-4f8f-a964-12a44e8e619c,Electrolyte Powder,Optimum Nutrition,hydration,8,serving,33
ed2dde3b-396f-4f7f-8545-b3afc660b4de,ISO-XP,Applied Nutrition,whey-isolate,25,scoop,80
edb28a42-dc88-4628-8387-793f3ad00e95,Omega 3 High Strength,Supplement Needs,vitamin,1,softgel,90
ee7f4abb-fa9b-4e2f-ad9c-eb4c24570a02,Probiotics 50 Billion CFU,Supplement Needs,vitamin,1,capsule,60
efb4879f-a240-4cda-9da0-8fbf094c5596,Zinc Picolinate 3-in-1,Nutrition Geeks,vitamin,1,tablet,365
f1131016-24df-4459-afcb-b62c15251763,Micellar Casein,Bulk,casein,30,scoop,33
f2d370c9-333c-4c68-ba67-7cbd0e3d7b74,CreaMAX,Strom Sports Nutrition,creatine,6,g,83
f2e0d13e-60c7-4b6a-8aa7-dc3304b7671b,Crack (DMHA),Dark Labs,pre-workout,null,scoop,40
f311ed1d-0f55-44f5-8953-c35d84e6b5ae,Creatine Monohydrate,Bulk,creatine,5,g,200
f3e71a81-361a-4597-96eb-b703ffe2acd7,Elite Casein,Dymatize,casein,36,scoop,25
f42a7d2f-f236-48bc-8dc3-38a2b803dad8,Whey Hey®,Bio-Synergy,whey,35,scoop,26
f59389f4-a69e-4aa5-b49a-dbca746335c3,Essential Amino Energy Elite,Optimum Nutrition,eaas,9,scoop,30
f5ea5968-f3f7-4f2a-ab56-048920c62386,Every Day EXTRA,Optibac,gut-digestion,1,capsule,30
f7cc7239-ca28-47e2-93a9-0068c460da2c,Vitality,Conteh Sports,cycle-support,null,serving,null
f951cf02-9536-4e73-ac62-17bb7a8a33d0,Classic (Choco),Yfood,meal-replacement,500,ml,1
ff0521c4-d5ac-44d3-9b9e-cdcda133d059,SupportMAX,Strom Sports Nutrition,cycle-support,4,capsule,30
ffcbc554-e00d-4738-be16-69599490d11f,Vitamin K2 (MK-4),Supplement Needs,vitamin,1,tablet,120
